Modelo,MAE,MSE,RMSE,R2,fecha_hora
Random Forest,0.09716423662982576,0.020765465251405615,0.14410227358166705,0.8887232450328159,20260406_104057
Random Forest,0.09716423662982576,0.020765465251405615,0.14410227358166705,0.8887232450328159,20260406_104136
Random Forest,0.09716423662982576,0.020765465251405615,0.14410227358166705,0.8887232450328159,20260406_111816
Random Forest,0.09716423662982576,0.020765465251405615,0.14410227358166705,0.8887232450328159,20260406_111840
